{
    "rmse": 0.6939377784476592,
    "mae": 0.5556794219626174,
    "r2": 0.20855520274984707
}